Question,Answer
"1. What is correlation in statistics, (define correlation)?","According to the provided context, correlation is defined as ""a statistical measure that expresses the extent to which two variables are linearly related."""
"2. What is the range of correlation coefficients, and what do the values -1, 0, and 1 indicate?","According to the text, correlation coefficients range from -1 to 1. The values -1, 0, and 1 indicate the following:

* A value of -1 indicates a perfect negative linear relationship between the two variables.
* A value of 0 indicates no linear relationship between the two variables.
* A value of 1 indicates a perfect positive linear relationship between the two variables."
3. What are the three main uses of correlation in statistics?,"According to the text, the three main uses of correlation in statistics are:

1. Identify relationships between variables: Correlation can be used to identify whether there is a relationship between two variables, and if so, whether the relationship is positive or negative.

2. Make predictions: If there is a strong correlation between two variables, it is possible to use the value of one variable to predict the value of the other variable.

3. Develop causal models: Correlation can be used as a starting point for developing causal models, which are models that describe how changes in one variable cause changes in other variables."
4. How can correlation be used to identify relationships between variables?,"According to the text, correlation can be used to identify relationships between variables by determining whether there is a relationship between two variables, and if so, whether the relationship is positive or negative. This information can be useful for understanding the relationships between different factors in a complex system."
"5. What is the difference between correlation and causation, and why is it important to understand this distinction?","According to the provided context, correlation does not equal causation. Just because two variables are correlated does not mean that one variable causes the other. For example, there is a strong correlation between ice cream sales and shark attacks, but eating ice cream does not cause shark attacks. Instead, there is likely a third variable, such as hot weather, that causes both ice cream sales and shark attacks to increase.

Understanding the distinction between correlation and causation is important because it helps to avoid making incorrect assumptions about the relationships between variables. If we mistakenly assume that correlation implies causation, we may draw incorrect conclusions and make poor decisions based on those conclusions."
6. Provide an example of how correlation can be used in business to make better decisions.,"According to the provided context, an example of how correlation can be used in business to make better decisions is:

""A marketing manager might use correlation to identify the relationship between advertising spending and sales. This information could be used to decide how much money to allocate to advertising.""

In this example, the marketing manager uses correlation to analyze the relationship between advertising spending and sales. By identifying a strong correlation between the two variables, the manager can make a more informed decision about how much to allocate to advertising, potentially leading to increased sales and revenue."
7. How can correlation be used in finance to build diversified portfolios that reduce risk?,"According to the text, correlation can be used in finance to identify relationships between different financial assets, such as stocks, bonds, and commodities. This information can be used to build diversified portfolios that reduce risk."
"8. What are some examples of how correlation is used in medicine to improve the prevention, diagnosis, and treatment of diseases?","According to the provided text, correlation is used in medicine to identify relationships between different medical variables, such as risk factors for diseases and the effectiveness of treatments. This information can be used to improve the prevention, diagnosis, and treatment of diseases. However, no specific examples are provided in the text."
9. How can correlation be used in psychology to develop better assessments and treatments?,"According to the text, correlation can be used in psychology to develop better assessments and treatments by identifying relationships between different psychological variables, such as personality traits, cognitive abilities, and mental disorders. This information can be used to develop more effective treatments for anxiety and depression, for example."
"10. Provide an example of how correlation is used in the real world, such as in marketing, finance, medicine, or psychology.","Here are a few examples of how correlation is used in the real world:

1. Marketing: A marketing manager might use correlation to identify the relationship between advertising spending and sales. This information could be used to decide how much money to allocate to advertising.

2. Finance: A financial analyst might use correlation to identify the relationship between the returns of different stocks. This information could be used to build a portfolio of stocks that is diversified and has a lower overall risk.

3. Medicine: A medical researcher might use correlation to identify the relationship between smoking and lung cancer. This information could be used to develop public health campaigns to discourage smoking.

4. Psychology: A psychologist might use correlation to identify the relationship between anxiety and depression. This information could be used to develop more effective treatments for anxiety and depression."
"11. What is the importance of correlation in statistics, and how is it used to make better decisions and improve outcomes?","According to the provided text, correlation is important in statistics because it can be used to:

1. Identify relationships between variables: Correlation can be used to identify whether there is a relationship between two variables, and if so, whether the relationship is positive or negative.

2. Make predictions: If there is a strong correlation between two variables, it is possible to use the value of one variable to predict the value of the other variable.

3. Develop causal models: Correlation can be used as a starting point for developing causal models, which are models that describe how changes in one variable cause changes in other variables.

Correlation is used in a wide variety of fields, including business, finance, medicine, and psychology, to make better decisions and improve outcomes. For example, in business, correlation can be used to identify relationships between different business variables, such as sales, advertising spending, and customer satisfaction, to make better business decisions. In finance, correlation can be used to identify relationships between different financial assets to build diversified portfolios that reduce risk. In medicine, correlation can be used to identify relationships between different medical variables, such as risk factors for diseases and the effectiveness of treatments, to improve the prevention, diagnosis, and treatment of diseases."
"12. What are some limitations of correlation, and how can it be misinterpreted?","According to the provided context, one limitation of correlation is that correlation does not equal causation. Just because two variables are correlated, it does not mean that one variable causes the other. There may be a third variable that causes both variables to increase or decrease. For example, there is a strong correlation between ice cream sales and shark attacks, but eating ice cream does not cause shark attacks. Instead, there is likely a third variable, such as hot weather, that causes both ice cream sales and shark attacks to increase."
